{
    "@context": "https://schema.org",
    "@type": "FAQPage",
    "mainEntity": [
        {
            "@type": "Question",
            "name": "What is a food licence?",
            "acceptedAnswer": {
                "@type": "Answer",
                "text": "Food licence or FSSAI licence is granted to all manufacturers, traders, restaurants carrying out any food business which may involve manufacturing or processing."
            }
        },
        {
            "@type": "Question",
            "name": "Kind of Business who needs FSSAI/FOOD License?",
            "acceptedAnswer": {
                "@type": "Answer",
                "text": "The persons involved in the food business, such as manufacturing, transportation, distribution and storage of food articles/products are also mandatorily required to have a FSSAI registration to carry on their food business."
            }
        },
        {
            "@type": "Question",
            "name": "Why food licence is necessary?",
            "acceptedAnswer": {
                "@type": "Answer",
                "text": "A food licence is essential to be able to be a legal producer and distributor of food. It is a requirement to pass hygiene and safety regulations to provide clean food to the masses. Without an FSSAI food licence, business operations may face violation as per the Food Safety and Standards Act of 2006."
            }
        },
        {
            "@type": "Question",
            "name": "Why is a food licence used?",
            "acceptedAnswer": {
                "@type": "Answer",
                "text": "The licence helps to curb accusations of food adulteration and the use of cheap food. Unsafe ingredients."
            }
        },
        {
            "@type": "Question",
            "name": "What is the use of a food licence? How 3g Food License Consultancy will help you?",
            "acceptedAnswer": {
                "@type": "Answer",
                "text": "Having an FSSAI licence assures the customers that the respective food business is of high standards. For speed process, WhatsApp: +9059145190 or email to 3gconsultancy01@gmail.com."
            }
        },
        {
            "@type": "Question",
            "name": "Who has the power to cancel the food licence?",
            "acceptedAnswer": {
                "@type": "Answer",
                "text": "Registering authority may cancel the licence/registration."
            }
        },
        {
            "@type": "Question",
            "name": "Can I register for a food licence online? Yes? How 3G Hyderabad-based Food License Consultancy/FSSAI will help you?",
            "acceptedAnswer": {
                "@type": "Answer",
                "text": "Yes, you can register your food licence online. If you are stuck at any process, 3G consultant will assist you in the registration process. For more information, call +9059145190."
            }
        },
        {
            "@type": "Question",
            "name": "How can I check my licence registration? How 3G Hyderabad-based Food License Consultancy/FSSAI will help you?",
            "acceptedAnswer": {
                "@type": "Answer",
                "text": "1. Enter 4-digit FSSAI licence number\n2. Click on check validity and get basic information\n3. Login with your username and password\n4. Get the details about your FSSAI licence"
            }
        },
        {
            "@type": "Question",
            "name": "Where can I apply for my FSSAI licence?",
            "acceptedAnswer": {
                "@type": "Answer",
                "text": "FBOs can obtain FSSAI registration online by filling and submitting the FSSAI registration form, i.e. Form A (application for Registration) or Form B (application for State and Central License) on the FoSCoS portal. The FBOs can also register offline by submitting Form A or Form B to the Food and Safety Department. Get effortless FSSAI registration assistance today! Contact us at the provided number and our team will guide you through the process step by step."
            }
        },
        {
            "@type": "Question",
            "name": "What is the registration cost?",
            "acceptedAnswer": {
                "@type": "Answer",
                "text": "The FSSAI state licence fees range from INR 2000/- to 5000/- a year."
            }
        },
        {
            "@type": "Question",
            "name": "What are the documents required to apply?",
            "acceptedAnswer": {
                "@type": "Answer",
                "text": "Photo ID and address proof issued by government authority of proprietor/partner/directors/authorised signatory."
            }
        },
        {
            "@type": "Question",
            "name": "What is FSSAI?",
            "acceptedAnswer": {
                "@type": "Answer",
                "text": "It is an independent organisation that reports to the Indian government’s ministry of health & family welfare."
            }
        },
        {
            "@type": "Question",
            "name": "What are the types of food licence?",
            "acceptedAnswer": {
                "@type": "Answer",
                "text": "The types of food licence are:\n- Central licence\n- State licence\n- Basic registration\n\nNeed help with FSSAI registration? Contact us today for a stress-free experience."
            }
        },
        {
            "@type": "Question",
            "name": "Is food licence valid all over India?",
            "acceptedAnswer": {
                "@type": "Answer",
                "text": "FSSAI State licences are given to food business owners who operate inside a single state. At the same time, the FSSAI Central License is given to food business owners who want to operate in multiple states, on a centralized system."
            }
        },
        {
            "@type": "Question",
            "name": "When should I renew my food licence?",
            "acceptedAnswer": {
                "@type": "Answer",
                "text": "Before 30 days of the current registration. For more information, call +9059145190."
            }
        },
        {
            "@type": "Question",
            "name": "What are the consequences of not following the rules and regulations?",
            "acceptedAnswer": {
                "@type": "Answer",
                "text": "You may face a heavy penalty."
            }
        },
        {
            "@type": "Question",
            "name": "Who can get a food licence?",
            "acceptedAnswer": {
                "@type": "Answer",
                "text": "Food business operators having a turnover of less than Rs. 12 lakh per annum. It's easy to get it; it is acceptable to Zomato & Swiggy. Registering for FSSAI doesn't have to be difficult. Contact us at the provided number and let us make it easy for you."
            }
        },
        {
            "@type": "Question",
            "name": "What is the procedure for applying?",
            "acceptedAnswer": {
                "@type": "Answer",
                "text": "1. Photo of food business operator\n2. Document for identity proof like ration card, voter ID card, PAN card, driving licence, passport, Aadhar card, senior citizens card, Department-issued ID\n3. Supporting documents (if any): NOC by municipality/panchayat, health NOC."
            }
        },
        {
            "@type": "Question",
            "name": "What is the best food license consultancy for food licence (FSSAI licence) registration?",
            "acceptedAnswer": {
                "@type": "Answer",
                "text": "3G Consultants is a top consultancy for food licence (FSSAI licence) registration. Our team of experts has extensive knowledge and experience in the field of food safety and regulatory compliance, and we are dedicated to helping businesses obtain their FSSAI licence quickly and efficiently. We offer personalized services tailored to meet the specific needs of each client, ensuring a hassle-free registration process. Contact us today to learn more about how we can assist you with FSSAI licence registration for your business."
            }
        },
        {
            "@type": "Question",
            "name": "How to contact a 3G Food/FSSAI consultant for food licence registration?",
            "acceptedAnswer": {
                "@type": "Answer",
                "text": "You can contact us through the following methods:\n\n- Online directories: Find in Google\n- Social media: Follow our social media\n- Direct contact: Call +9059145190 or email to 3gconsultancy01@gmail.com"
            }
        },
        {
            "@type": "Question",
            "name": "How 3G FSSAI consultants support food registration?",
            "acceptedAnswer": {
                "@type": "Answer",
                "text": "3G FSSAI consultants support food registration by:\n\n- Understanding the legal requirements related to your business\n- Assisting with filling out the application for the relevant license or registration\n- Providing guidance on compliance with regulations and standards\n- Addressing any issues or concerns related to licensing or regulatory compliance\n- Liaising with government authorities on your behalf"
            }
        },
        {
            "@type": "Question",
            "name": "What are the service charges at 3G consultant for food licence registration online?",
            "acceptedAnswer": {
                "@type": "Answer",
                "text": "Our service charges for food licence (FSSAI licence) registration online are competitive and affordable. We offer personalized services tailored to meet the specific needs of each client. Contact us to learn more about our pricing and how we can assist you with your FSSAI licence registration. For detailed discussion, kindly contact us at +9059145190."
            }
        },
        {
            "@type": "Question",
            "name": "When to contact 3G Food License Consultant for food licence registration?",
            "acceptedAnswer": {
                "@type": "Answer",
                "text": "You can contact 3G Food License Consultant for food licence registration during the timings of 10:00 am - 6:00 pm."
            }
        }
    ]
}