{
    "@context": "https://schema.org",
    "@type": "FAQPage",
    "mainEntity": [
      {
        "@type": "Question",
        "name": "What is UDYAM? MSME?",
        "acceptedAnswer": {
          "@type": "Answer",
          "text": "UDYAM is a general certificate that allows micro, small, and medium enterprises to register themselves with the government and is related to the MSME (Micro, Small, and Medium Enterprises) sector."
        }
      },
      {
        "@type": "Question",
        "name": "Why is UDYAM registration required?",
        "acceptedAnswer": {
          "@type": "Answer",
          "text": "UDYAM registration is required to obtain legal and operational certification for small or medium businesses. It is conducted by the Ministry of MSME, Government of India, for micro and small businesses."
        }
      },
      {
        "@type": "Question",
        "name": "Who needs UDYAM registration certificate?",
        "acceptedAnswer": {
          "@type": "Answer",
          "text": "MSME entrepreneurs need to obtain the UDYAM registration certificate to avail of the benefits provided to MSMEs."
        }
      },
      {
        "@type": "Question",
        "name": "How does UDYAM benefit MSME?",
        "acceptedAnswer": {
          "@type": "Answer",
          "text": "UDYAM provides the MSME with a commendation certificate and a unique identity number, which helps in recognition and accessing various schemes and incentives for MSMEs."
        }
      },
      {
        "@type": "Question",
        "name": "What is the criteria for MSME registration?",
        "acceptedAnswer": {
          "@type": "Answer",
          "text": "To be eligible for MSME registration, the business should be a proprietorship, partnership, or firm with an investment below Rs. 50 crore and an annual turnover below Rs. 250 crore."
        }
      },
      {
        "@type": "Question",
        "name": "What is the fee for Registration?",
        "acceptedAnswer": {
          "@type": "Answer",
          "text": "There are no charges for UDYAM registration, and it is free of cost."
        }
      },
      {
        "@type": "Question",
        "name": "What are the steps to be taken to register for UDYAM? How can 3G MSME Consultant help you?",
        "acceptedAnswer": {
          "@type": "Answer",
          "text": "The steps to register for UDYAM are as follows: \n Step 1: Visit the official websiteStep \n 2: Enter your personal informationStep \n 3: Pan verificationStep \n 4: Fill in the correspondence detailsStep \n 5: Fill in the bank detailsStep \n 6: Enterprise detailsStep \n 7: Select the district industry center and accept the declaration \n For assistance, contact 3G MSME Consultant at 9059145190 or email 3gconsultancy01@gmail.com."
        }
      },
      {
        "@type": "Question",
        "name": "Is UDYAM registration mandatory under any act?",
        "acceptedAnswer": {
          "@type": "Answer",
          "text": "UDYAM registration is mandatory for MSMEs."
        }
      },
      {
        "@type": "Question",
        "name": "What is the objective of the UDYAM policy?",
        "acceptedAnswer": {
          "@type": "Answer", 
      "text": "The objective of the UDYAM policy is to increase cost effectiveness and promote the use of clean energy in manufacturing."
    }
  },
  {
    "@type": "Question",
    "name": "What are the benefits of MSME?",
    "acceptedAnswer": {
      "@type": "Answer",
      "text": "The benefits of MSME include:\n - Collateral-free bank loans \n- Access to international trade \n - Reduced rate of interest from banks \n - Subsidy on patent registration \n - Tax exemption \n - Protection against delayed payments."
    }
  },{
        "@type": "Question",
        "name": "Is a bank account mandatory for MSME registration? How can 3G Best MSME consultancy help in this?",
        "acceptedAnswer": {
          "@type": "Answer",
          "text": "Yes, a bank account is mandatory for MSME registration as it requires providing bank account details. 3G Best MSME consultancy can assist you in providing guidance and support in completing the registration process, including the necessary bank account details."
        }
      },
      {
        "@type": "Question",
        "name": "Which portal is used for registration of MSME? Will 3G MSME consultant assist on this?",
        "acceptedAnswer": {
          "@type": "Answer",
          "text": "The MSME registration is entirely online and can be obtained from the UDYAM registration portal. Yes, 3G MSME consultant will provide assistance and guidance throughout the registration process."
        }
      },
      {
        "@type": "Question",
        "name": "What documents are required for UDYAM registration?",
        "acceptedAnswer": {
          "@type": "Answer",
          "text": "The documents required for UDYAM registration include:  \n - Pan Card \n - Aadhar Card \n - Business address proof \n - Bank statement / Bank passbook / Cancelled cheque \n - Details of major business activities \n For the right guidance, call our customer team for free MSME registration consultancy advice at 9059145190."
        }
      },
      {
        "@type": "Question",
        "name": "How long does UDYAM registration take?",
        "acceptedAnswer": {
          "@type": "Answer",
          "text": "After filing the online UDYAM application, it typically takes 2 or 3 days to process the registration."
        }
      },
      {
        "@type": "Question",
        "name": "How can I check my UDYAM registration number?",
        "acceptedAnswer": {
          "@type": "Answer",
          "text": "You can check your UDYAM registration number by visiting the UAM portal, which provides an option to check the MSME registration status."
        }
      }, {
        "@type": "Question",
        "name": "What is the purpose of UDYAM registration?",
        "acceptedAnswer": {
          "@type": "Answer",
          "text": "The purpose of UDYAM registration is to obtain legal and operational certification for small or medium businesses."
        }
      },
      {
        "@type": "Question",
        "name": "What are the types of MSME?",
        "acceptedAnswer": {
          "@type": "Answer",
          "text": "The types of MSME are categorized based on investment: micro investment, small investment, and medium investment."
        }
      },
      {
        "@type": "Question",
        "name": "Who is eligible for the loan?",
        "acceptedAnswer": {
          "@type": "Answer",
          "text": "MSMEs, individuals, startups, business owners, entrepreneurs, self-employed professionals, and other business entities are eligible for the loan."
        }
      },
      {
        "@type": "Question",
        "name": "Can I register for UDYAM online?",
        "acceptedAnswer": {
          "@type": "Answer",
          "text": "Yes, any person who intends to establish a micro, small, or medium enterprise can file Udyam Registration online in the Udyam Registration portal."
        }
      },
      {
        "@type": "Question",
        "name": "What is the best consultancy for UDYAM (msmelicence) registration?",
        "acceptedAnswer": {
          "@type": "Answer",
          "text": "3G MSME consultancy specializes in UDYAM registration and provides expertise in the field."
        }
      },
  {
        "@type": "Question",
        "name": "How to contact a 3G MSME consultant for UDYAM registration?",
        "acceptedAnswer": {
          "@type": "Answer",
          "text": "You can contact a 3G MSME consultant through online directories, social media platforms, or by calling their customer team at 9059145190 for free MSME consultancy registration advice."
        }
      },
      {
        "@type": "Question",
        "name": "How does 3G MSME consultant support in UDYAM registration?",
        "acceptedAnswer": {
          "@type": "Answer",
          "text": "3G MSME consultants support UDYAM registration by understanding the legal requirements, assisting with the application process, providing guidance on compliance, resolving issues, and liaising with government authorities."
        }
      },
      {
        "@type": "Question",
        "name": "What are the service charges at 3G MSME consultant for UDYAM registration online?",
        "acceptedAnswer": {
          "@type": "Answer",
          "text": "The service charges at 3G MSME consultant for UDYAM registration online are affordable."
        }
      },
      {
        "@type": "Question",
        "name": "When can I contact 3G consultant for UDYAM registration?",
        "acceptedAnswer": {
          "@type": "Answer",
          "text": "You can contact 3G consultant for UDYAM registration during their operating hours, which are from 10:00 AM to 6:00 PM."
        }
      }
    ]
  }
  