
{
  "@context": "https://schema.org",
  "@type": "FAQPage",
  "mainEntity": [
    {
      "@type": "Question",
      "name": "What is a trade licence?",
      "acceptedAnswer": {
        "@type": "Answer",
        "text": "A trade license is a legal document that permits an individual or a business to engage in a specific trade, business, or commercial activity within a particular geographic area. It is issued by the local municipal corporation or the concerned authority, depending on the regulations of the region."
      }
    },
    {
      "@type": "Question",
      "name": "Why is there a trade licence?",
      "acceptedAnswer": {
        "@type": "Answer",
        "text": "A trade license is mandatory for businesses to comply with regulations, operate legally, generate revenue, and ensure safety standards. It helps prevent tax evasion and illegal practices and identifies unregistered businesses."
      }
    },
    {
      "@type": "Question",
      "name": "Who can issue a trade licence?",
      "acceptedAnswer": {
        "@type": "Answer",
        "text": "A trade license can be issued by the municipality corporation licensing department and the state government."
      }
    },
    {
      "@type": "Question",
      "name": "Is there any categories in trade licence?",
      "acceptedAnswer": {
        "@type": "Answer",
        "text": "Yes, trade licenses are categorized based on risk levels. They include low-risk-based license, medium-risk-based license, and high-risk-based license."
      }
    },
    {
      "@type": "Question",
      "name": "What are the documents required to apply?",
      "acceptedAnswer": {
        "@type": "Answer",
        "text": "The documents required to apply for a trade license include Aadhar card/PAN card and a rental/leasing agreement that mentions the necessary information."
      }
    },
    {
      "@type": "Question",
      "name": "What is the procedure for applying?",
      "acceptedAnswer": {
        "@type": "Answer",
        "text": "The procedure for applying for a trade license involves visiting the online portal, filling out the online application with the required information, verifying the documents and application form, and tracking the application status."
      }
    },
    {
      "@type": "Question",
      "name": "How long would it take to get the business licence?",
      "acceptedAnswer": {
        "@type": "Answer",
        "text": "It usually takes around 12 days from the submission of the application to receive the business license. For updates on your application, you can consult with our 3g consultants."
      }
    },
    {
      "@type": "Question",
      "name": "What are the legal consequences of not following the rules and regulations?",
      "acceptedAnswer": {
        "@type": "Answer",
        "text": "If you don't follow the rules for obtaining and maintaining a trade license, you may face penalties of up to 50% of the license cost. To avoid such consequences, ensure compliance with all applicable rules and regulations."
      }
    },
    {
      "@type": "Question",
      "name": "When should I renew my licence?",
      "acceptedAnswer": {
        "@type": "Answer",
        "text": "You should renew your license before one week prior to the expiry date."
      }
    },
    {
      "@type": "Question",
      "name": "Is trade licence required for a private limited company?",
      "acceptedAnswer": {
        "@type": "Answer",
        "text": "Yes, a trade license is required to commence the business for a private limited company."
      }
    },
    {
      "@type": "Question",
      "name": "Types of companies that require a trade licence?",
      "acceptedAnswer": {
        "@type": "Answer",
        "text": "Companies that require a trade license can be of various types, including general trade license, professional trade license, industrial trade license, tourism trade license, liquor trade license, food trade license, health trade license, and entertainment trade license."
      }
    },
    {
      "@type": "Question",
      "name": "Is there an online registration process?",
      "acceptedAnswer": {
        "@type": "Answer",
        "text": "Yes, there is an online registration process available. 3g consultants can guide you to make the trade license registration process simple and convenient."
      }
    },
    {
      "@type": "Question",
      "name": "Is a trade licence mandatory for GST registration?",
      "acceptedAnswer": {
        "@type": "Answer",
        "text": "No, a trade license is not necessary for registration under GST."
      }
    },
    {
      "@type": "Question",
      "name": "Is a trade licence valid all over India?",
      "acceptedAnswer": {
        "@type": "Answer",
        "text": "Yes, a trade license is valid across cities in India to regulate business activities."
      }
    },
    {
      "@type": "Question",
      "name": "Is a trade licence mandatory in India?",
      "acceptedAnswer": {
        "@type": "Answer",
        "text": "Yes, a trade license is mandatory for anyone who wants to engage in any business."
      }
    },
    {
      "@type": "Question",
      "name": "What are the requirements for a trade licence?",
      "acceptedAnswer": {
        "@type": "Answer",
        "text": "To obtain a trade license, the applicant must be at least 18 years old and should not have any criminal record."
      }
    },
    {
      "@type": "Question",
      "name": "What is the best consultancy for trade licence registration?",
      "acceptedAnswer": {
        "@type": "Answer",
        "text": "3g consultants are considered the best trade license consultancy in Telangana."
      }
    },
    {
      "@type": "Question",
      "name": "Why is 3g consultant considered to be the best consultancy for trade licence registration?",
      "acceptedAnswer": {
        "@type": "Answer",
        "text": "3g consultancy has expertise in the field of trade license registration and provides professional guidance and assistance throughout the process."
      }
    },
    {
      "@type": "Question",
      "name": "How to contact the best trade consultant for trade licence registration?",
      "acceptedAnswer": {
        "@type": "Answer",
        "text": "You can contact the best trade consultant for trade license registration through online directories, direct contact, or social media platforms."
      }
    },
    {
      "@type": "Question",
      "name": "How does 3g Hyderabad-based trade consultant support in trade registration?",
      "acceptedAnswer": {
        "@type": "Answer",
        "text": "3g Hyderabad-based trade consultants support trade license registration by understanding the legal requirements, assisting in filling out the application, liaising with government authorities, providing guidance on compliance, and resolving issues that may arise."
      }
    },
    {
      "@type": "Question",
      "name": "What are the service charges at 3g Trade and Legal Consultant for trade licence registration online?",
      "acceptedAnswer": {
        "@type": "Answer",
        "text": "The service charges at 3g Trade and Legal Consultant for trade license registration online are cost affordable."
      }
    },
    {
      "@type": "Question",
      "name": "When to contact 3g Trade consultant for trade licence registration?",
      "acceptedAnswer": {
        "@type": "Answer",
        "text": "You can contact 3g Trade consultant for trade license registration during their working hours, which are from 10:00 am to 6:00 pm."
      }
    }
  ]
}

