{"v":"5.4.4","fr":24,"ip":0,"op":28,"w":48,"h":48,"nm":"whatsapp-scale","ddd":0,"assets":[],"layers":[{"ddd":0,"ind":1,"ty":4,"nm":"Phone","sr":1,"ks":{"o":{"a":0,"k":100,"ix":11},"r":{"a":0,"k":0,"ix":10},"p":{"a":0,"k":[24,24,0],"ix":2},"a":{"a":0,"k":[24,24,0],"ix":1},"s":{"a":1,"k":[{"i":{"x":[0.363,0.363,0.667],"y":[1,1,1]},"o":{"x":[0.167,0.167,0.167],"y":[0.167,0.167,0]},"t":3,"s":[100,100,100],"e":[118,118,100]},{"i":{"x":[0.187,0.187,0.667],"y":[1,1,1]},"o":{"x":[0.579,0.579,0.333],"y":[0,0,0]},"t":13,"s":[118,118,100],"e":[118,118,100]},{"i":{"x":[0.833,0.833,0.833],"y":[0.833,0.833,1]},"o":{"x":[0.579,0.579,0.333],"y":[0,0,0]},"t":18,"s":[118,118,100],"e":[100,100,100]},{"t":25}],"ix":6}},"ao":0,"shapes":[{"ty":"gr","it":[{"ind":0,"ty":"sh","ix":1,"ks":{"a":0,"k":{"i":[[0.422,0.938],[0.339,0.014],[0.316,0],[0.435,-0.475],[0,-2.334],[-0.237,-0.316],[-4.822,-1.902],[-0.871,0.079],[-0.395,1.108],[0.118,0.198],[0.474,0.238],[0.435,0.158],[0.317,-0.475],[0.277,-0.316],[0.474,0.238],[1.813,1.615],[0.277,0.475],[-0.238,0.237],[-0.238,0.277],[-0.158,0.316],[0.119,0.237]],"o":[[-0.355,-0.79],[-0.277,-0.012],[-0.316,0],[-0.435,0.475],[0,2.334],[0.237,0.316],[4.007,1.58],[0.87,-0.078],[0.395,-1.108],[-0.119,-0.198],[-0.474,-0.238],[-0.435,-0.158],[-0.316,0.474],[-0.277,0.317],[-0.474,-0.238],[-1.41,-1.258],[-0.277,-0.474],[0.213,-0.213],[0.237,-0.277],[0.158,-0.317],[-0.117,-0.238]],"v":[[-4.762,-8.267],[-5.831,-9.087],[-6.74,-9.098],[-8.005,-8.504],[-9.665,-4.548],[-7.729,0.358],[0.376,7.519],[6.068,8.706],[9.27,6.451],[9.548,4.196],[8.639,3.642],[5.396,2.099],[4.329,2.337],[2.827,4.196],[1.799,4.315],[-2.016,1.962],[-4.656,-1.324],[-4.447,-2.292],[-3.736,-3.123],[-3.262,-3.914],[-3.301,-4.745]],"c":true},"ix":2},"nm":"Path 1","mn":"ADBE Vector Shape - Group","hd":false},{"ty":"fl","c":{"a":0,"k":[1,1,1,1],"ix":4},"o":{"a":0,"k":100,"ix":5},"r":1,"bm":0,"nm":"Fill 1","mn":"ADBE Vector Graphic - Fill","hd":false},{"ty":"tr","p":{"a":0,"k":[24.031,24.312],"ix":2},"a":{"a":0,"k":[0,0],"ix":1},"s":{"a":0,"k":[100,100],"ix":3},"r":{"a":0,"k":0,"ix":6},"o":{"a":0,"k":100,"ix":7},"sk":{"a":0,"k":0,"ix":4},"sa":{"a":0,"k":0,"ix":5},"nm":"Transform"}],"nm":"Group 1","np":2,"cix":2,"bm":0,"ix":1,"mn":"ADBE Vector Group","hd":false}],"ip":0,"op":28,"st":0,"bm":0},{"ddd":0,"ind":2,"ty":4,"nm":"Speech bubble","sr":1,"ks":{"o":{"a":0,"k":100,"ix":11},"r":{"a":0,"k":0,"ix":10},"p":{"a":0,"k":[24,24,0],"ix":2},"a":{"a":0,"k":[24,24,0],"ix":1},"s":{"a":1,"k":[{"i":{"x":[0,0,0.667],"y":[1,1,1]},"o":{"x":[0.167,0.167,0.167],"y":[0.167,0.167,0]},"t":6,"s":[100,100,100],"e":[108,108,100]},{"i":{"x":[0,0,0.667],"y":[1,1,1]},"o":{"x":[1,1,0.333],"y":[0,0,0]},"t":16,"s":[108,108,100],"e":[108,108,100]},{"i":{"x":[0.833,0.833,0.833],"y":[0.833,0.833,1]},"o":{"x":[1,1,0.333],"y":[0,0,0]},"t":21,"s":[108,108,100],"e":[100,100,100]},{"t":25}],"ix":6}},"ao":0,"shapes":[{"ty":"gr","it":[{"ind":0,"ty":"sh","ix":1,"ks":{"a":0,"k":{"i":[[2.98,2.982],[4.217,0.001],[0.004,-8.698],[-1.58,-2.513],[0,0],[0,0],[0,0],[0,0],[-2.832,-0.001],[0,0],[-0.003,8.699]],"o":[[-2.979,-2.982],[-8.704,0],[-0.001,2.981],[0,0],[0,0],[0,0],[0,0],[2.422,1.438],[0,0],[8.698,0],[0.001,-4.215]],"v":[[11.163,-11.156],[0.006,-15.781],[-15.781,-0.008],[-13.368,8.389],[-12.992,8.986],[-14.587,14.807],[-8.614,13.24],[-8.037,13.583],[-0.005,15.781],[0.001,15.781],[15.781,0.006]],"c":true},"ix":2},"nm":"Path 1","mn":"ADBE Vector Shape - Group","hd":false},{"ty":"fl","c":{"a":0,"k":[0.250999989229,0.764999988032,0.317999985639,1],"ix":4},"o":{"a":0,"k":100,"ix":5},"r":1,"bm":0,"nm":"Fill 1","mn":"ADBE Vector Graphic - Fill","hd":false},{"ty":"tr","p":{"a":0,"k":[24.013,23.988],"ix":2},"a":{"a":0,"k":[0,0],"ix":1},"s":{"a":0,"k":[100,100],"ix":3},"r":{"a":0,"k":0,"ix":6},"o":{"a":0,"k":100,"ix":7},"sk":{"a":0,"k":0,"ix":4},"sa":{"a":0,"k":0,"ix":5},"nm":"Transform"}],"nm":"Group 2","np":2,"cix":2,"bm":0,"ix":1,"mn":"ADBE Vector Group","hd":false},{"ty":"gr","it":[{"ind":0,"ty":"sh","ix":1,"ks":{"a":0,"k":{"i":[],"o":[],"v":[],"c":true},"ix":2},"nm":"Path 1","mn":"ADBE Vector Shape - Group","hd":false},{"ty":"fl","c":{"a":0,"k":[0.811999990426,0.847000002394,0.862999949736,1],"ix":4},"o":{"a":0,"k":100,"ix":5},"r":1,"bm":0,"nm":"Fill 2","mn":"ADBE Vector Graphic - Fill","hd":false},{"ty":"fl","c":{"a":0,"k":[0.811999990426,0.847000002394,0.862999949736,1],"ix":4},"o":{"a":0,"k":100,"ix":5},"r":1,"bm":0,"nm":"Fill 1","mn":"ADBE Vector Graphic - Fill","hd":false},{"ty":"tr","p":{"a":0,"k":[0.5,0.5],"ix":2},"a":{"a":0,"k":[0,0],"ix":1},"s":{"a":0,"k":[100,100],"ix":3},"r":{"a":0,"k":0,"ix":6},"o":{"a":0,"k":100,"ix":7},"sk":{"a":0,"k":0,"ix":4},"sa":{"a":0,"k":0,"ix":5},"nm":"Transform"}],"nm":"Group 3","np":3,"cix":2,"bm":0,"ix":2,"mn":"ADBE Vector Group","hd":false},{"ty":"gr","it":[{"ind":0,"ty":"sh","ix":1,"ks":{"a":0,"k":{"i":[[-10.466,0],[-3.585,-3.587],[0.002,-5.072],[10.463,0],[0,0],[2.773,1.513],[0,0],[0,0],[-0.001,3.345]],"o":[[5.079,0.002],[3.584,3.588],[-0.004,10.465],[0,0],[-3.177,-0.001],[0,0],[0,0],[-1.662,-2.878],[0.005,-10.465]],"v":[[0.079,-19.152],[13.509,-13.585],[19.065,-0.158],[0.079,18.822],[0.071,18.822],[-9.002,16.512],[-19.067,19.152],[-16.373,9.316],[-18.908,-0.173]],"c":true},"ix":2},"nm":"Path 1","mn":"ADBE Vector Shape - Group","hd":false},{"ty":"fl","c":{"a":0,"k":[1,1,1,1],"ix":4},"o":{"a":0,"k":100,"ix":5},"r":1,"bm":0,"nm":"Fill 1","mn":"ADBE Vector Graphic - Fill","hd":false},{"ty":"tr","p":{"a":0,"k":[23.935,24.152],"ix":2},"a":{"a":0,"k":[0,0],"ix":1},"s":{"a":0,"k":[100,100],"ix":3},"r":{"a":0,"k":0,"ix":6},"o":{"a":0,"k":100,"ix":7},"sk":{"a":0,"k":0,"ix":4},"sa":{"a":0,"k":0,"ix":5},"nm":"Transform"}],"nm":"Group 4","np":2,"cix":2,"bm":0,"ix":3,"mn":"ADBE Vector Group","hd":false},{"ty":"gr","it":[{"ind":0,"ty":"sh","ix":1,"ks":{"a":0,"k":{"i":[[0,0],[0,0],[-0.001,3.345],[-10.466,0],[-3.585,-3.587],[0.002,-5.072],[10.463,0],[0,0],[0,0],[2.773,1.513]],"o":[[0,0],[-1.662,-2.878],[0.005,-10.465],[5.079,0.002],[3.584,3.588],[-0.004,10.465],[-0.001,0],[0,0],[-3.177,-0.001],[0,0]],"v":[[-19.067,19.152],[-16.373,9.316],[-18.908,-0.173],[0.079,-19.152],[13.509,-13.585],[19.065,-0.158],[0.079,18.823],[0.079,18.823],[0.071,18.823],[-9.002,16.512]],"c":true},"ix":2},"nm":"Path 1","mn":"ADBE Vector Shape - Group","hd":false},{"ty":"fl","c":{"a":0,"k":[1,1,1,1],"ix":4},"o":{"a":0,"k":100,"ix":5},"r":1,"bm":0,"nm":"Fill 1","mn":"ADBE Vector Graphic - Fill","hd":false},{"ty":"tr","p":{"a":0,"k":[23.935,24.151],"ix":2},"a":{"a":0,"k":[0,0],"ix":1},"s":{"a":0,"k":[100,100],"ix":3},"r":{"a":0,"k":0,"ix":6},"o":{"a":0,"k":100,"ix":7},"sk":{"a":0,"k":0,"ix":4},"sa":{"a":0,"k":0,"ix":5},"nm":"Transform"}],"nm":"Group 5","np":2,"cix":2,"bm":0,"ix":4,"mn":"ADBE Vector Group","hd":false},{"ty":"gr","it":[{"ind":0,"ty":"sh","ix":1,"ks":{"a":0,"k":{"i":[[5.343,0.002],[0,0],[0.005,-11.017],[-1.612,-2.937],[0,0],[-0.252,-0.254],[-0.264,0],[-0.084,0.022],[0,0],[-3.199,-0.001],[-0.005,11.017],[3.773,3.776]],"o":[[0,0],[-11.016,0],[-0.001,3.367],[0,0],[-0.094,0.345],[0.19,0.192],[0.085,0],[0,0],[2.828,1.468],[11.024,0],[0.002,-5.339],[-3.775,-3.777]],"v":[[0.108,-20.152],[0.108,-20.152],[-19.879,-0.173],[-17.418,9.449],[-20.003,18.888],[-19.749,19.855],[-19.038,20.152],[-18.784,20.119],[-9.097,17.579],[0.1,19.823],[20.095,-0.157],[14.247,-14.292]],"c":true},"ix":2},"nm":"Path 1","mn":"ADBE Vector Shape - Group","hd":false},{"ty":"fl","c":{"a":0,"k":[0.811999990426,0.847000002394,0.862999949736,1],"ix":4},"o":{"a":0,"k":100,"ix":5},"r":1,"bm":0,"nm":"Fill 1","mn":"ADBE Vector Graphic - Fill","hd":false},{"ty":"tr","p":{"a":0,"k":[23.906,24.152],"ix":2},"a":{"a":0,"k":[0,0],"ix":1},"s":{"a":0,"k":[100,100],"ix":3},"r":{"a":0,"k":0,"ix":6},"o":{"a":0,"k":100,"ix":7},"sk":{"a":0,"k":0,"ix":4},"sa":{"a":0,"k":0,"ix":5},"nm":"Transform"}],"nm":"Group 6","np":2,"cix":2,"bm":0,"ix":5,"mn":"ADBE Vector Group","hd":false}],"ip":0,"op":28,"st":0,"bm":0}],"markers":[]}